day, date, avg, avgh, avgl, hi, hih, hil, lo, loh, lol, precip
0, 2010-01-01, 50, 54.5, 45.5, 58.5, 63, 54, 41.6, 47.5, 35.7, 43.2
1, 2010-01-02, 50, 54.5, 45.5, 58.5, 63, 54, 41.6, 47.5, 35.7, 43.4
2, 2010-01-03, 50, 54.5, 45.5, 58.5, 63.1, 53.9, 41.6, 47.5, 35.7, 43.5
3, 2010-01-04, 50, 54.5, 45.5, 58.5, 63.1, 53.9, 41.6, 47.5, 35.7, 43.7
4, 2010-01-05, 50, 54.5, 45.5, 58.5, 63.1, 53.9, 41.6, 47.5, 35.7, 43.8
5, 2010-01-06, 50.1, 54.6, 45.6, 58.6, 63.2, 54, 41.6, 47.5, 35.7, 43.9
6, 2010-01-07, 50.1, 54.6, 45.6, 58.6, 63.2, 54, 41.5, 47.4, 35.6, 44
7, 2010-01-08, 50.1, 54.5, 45.7, 58.6, 63.2, 54, 41.5, 47.4, 35.6, 44.2
8, 2010-01-09, 50.1, 54.5, 45.7, 58.6, 63.2, 54, 41.5, 47.3, 35.7, 44.3
9, 2010-01-10, 50.1, 54.5, 45.7, 58.7, 63.3, 54.1, 41.5, 47.3, 35.7, 44.5
10, 2010-01-11, 50.1, 54.5, 45.7, 58.7, 63.3, 54.1, 41.5, 47.3, 35.7, 44.7
11, 2010-01-12, 50.1, 54.5, 45.7, 58.8, 63.4, 54.2, 41.5, 47.3, 35.7, 44.9
12, 2010-01-13, 50.1, 54.5, 45.7, 58.8, 63.4, 54.2, 41.5, 47.3, 35.7, 45.1
13, 2010-01-14, 50.2, 54.6, 45.8, 58.9, 63.5, 54.3, 41.5, 47.3, 35.7, 45.3
14, 2010-01-15, 50.2, 54.6, 45.8, 58.9, 63.5, 54.3, 41.4, 47.2, 35.6, 45.5
15, 2010-01-16, 50.2, 54.6, 45.8, 59, 63.7, 54.3, 41.4, 47.2, 35.6, 45.7
16, 2010-01-17, 50.2, 54.6, 45.8, 59, 63.7, 54.3, 41.4, 47.2, 35.6, 45.9
17, 2010-01-18, 50.2, 54.6, 45.8, 59.1, 63.8, 54.4, 41.4, 47.2, 35.6, 46.1
18, 2010-01-19, 50.3, 54.7, 45.9, 59.1, 63.8, 54.4, 41.4, 47.2, 35.6, 46.3
19, 2010-01-20, 50.3, 54.8, 45.8, 59.2, 64, 54.4, 41.4, 47.2, 35.6, 46.5
20, 2010-01-21, 50.3, 54.8, 45.8, 59.2, 64, 54.4, 41.4, 47.2, 35.6, 46.8
21, 2010-01-22, 50.4, 54.9, 45.9, 59.3, 64.1, 54.5, 41.4, 47.2, 35.6, 47
22, 2010-01-23, 50.4, 54.9, 45.9, 59.3, 64.1, 54.5, 41.4, 47.2, 35.6, 47.1
23, 2010-01-24, 50.4, 54.9, 45.9, 59.4, 64.3, 54.5, 41.5, 47.3, 35.7, 47.2
24, 2010-01-25, 50.4, 54.9, 45.9, 59.4, 64.3, 54.5, 41.5, 47.3, 35.7, 47.3
25, 2010-01-26, 50.5, 55, 46, 59.5, 64.4, 54.6, 41.5, 47.3, 35.7, 47.4
26, 2010-01-27, 50.5, 55, 46, 59.5, 64.4, 54.6, 41.5, 47.3, 35.7, 47.5
27, 2010-01-28, 50.5, 55, 46, 59.6, 64.6, 54.6, 41.5, 47.3, 35.7, 47.6
28, 2010-01-29, 50.6, 55.1, 46.1, 59.6, 64.6, 54.6, 41.5, 47.3, 35.7, 47.7
29, 2010-01-30, 50.6, 55.1, 46.1, 59.7, 64.7, 54.7, 41.6, 47.4, 35.8, 47.8
30, 2010-01-31, 50.6, 55.1, 46.1, 59.7, 64.7, 54.7, 41.6, 47.4, 35.8, 47.9
31, 2010-02-01, 50.7, 55.2, 46.2, 59.8, 64.8, 54.8, 41.6, 47.4, 35.8, 48
32, 2010-02-02, 50.7, 55.2, 46.2, 59.8, 64.8, 54.8, 41.7, 47.5, 35.9, 48.1
33, 2010-02-03, 50.8, 55.3, 46.3, 59.8, 64.8, 54.8, 41.7, 47.5, 35.9, 48.3
34, 2010-02-04, 50.8, 55.3, 46.3, 59.9, 64.9, 54.9, 41.7, 47.4, 36, 48.5
35, 2010-02-05, 50.8, 55.3, 46.3, 59.9, 64.9, 54.9, 41.8, 47.5, 36.1, 48.8
36, 2010-02-06, 50.9, 55.4, 46.4, 59.9, 64.9, 54.9, 41.8, 47.5, 36.1, 49
37, 2010-02-07, 50.9, 55.4, 46.4, 60, 65, 55, 41.8, 47.5, 36.1, 49.2
38, 2010-02-08, 50.9, 55.4, 46.4, 60, 65, 55, 41.9, 47.6, 36.2, 49.4
39, 2010-02-09, 51, 55.5, 46.5, 60, 65, 55, 41.9, 47.6, 36.2, 49.6
40, 2010-02-10, 51, 55.5, 46.5, 60, 65, 55, 42, 47.7, 36.3, 49.7
41, 2010-02-11, 51, 55.5, 46.5, 60, 65, 55, 42, 47.6, 36.4, 49.8
42, 2010-02-12, 51.1, 55.5, 46.7, 60.1, 65.1, 55.1, 42.1, 47.7, 36.5, 50
43, 2010-02-13, 51.1, 55.5, 46.7, 60.1, 65.1, 55.1, 42.1, 47.7, 36.5, 50.2
44, 2010-02-14, 51.1, 55.5, 46.7, 60.1, 65.1, 55.1, 42.2, 47.8, 36.6, 50.4
45, 2010-02-15, 51.2, 55.6, 46.8, 60.1, 65, 55.2, 42.2, 47.8, 36.6, 50.5
46, 2010-02-16, 51.2, 55.5, 46.9, 60.1, 65, 55.2, 42.3, 47.8, 36.8, 50.6
47, 2010-02-17, 51.2, 55.5, 46.9, 60.1, 65, 55.2, 42.3, 47.8, 36.8, 50.7
48, 2010-02-18, 51.2, 55.5, 46.9, 60.1, 65, 55.2, 42.4, 47.9, 36.9, 50.8
49, 2010-02-19, 51.3, 55.6, 47, 60.1, 64.9, 55.3, 42.4, 47.9, 36.9, 50.9
50, 2010-02-20, 51.3, 55.5, 47.1, 60.1, 64.9, 55.3, 42.5, 48, 37, 50.9
51, 2010-02-21, 51.3, 55.5, 47.1, 60.1, 64.9, 55.3, 42.5, 48, 37, 50.8
52, 2010-02-22, 51.3, 55.5, 47.1, 60.1, 64.9, 55.3, 42.6, 48, 37.2, 50.8
53, 2010-02-23, 51.3, 55.4, 47.2, 60, 64.7, 55.3, 42.6, 48, 37.2, 50.7
54, 2010-02-24, 51.3, 55.4, 47.2, 60, 64.7, 55.3, 42.6, 48, 37.2, 50.7
55, 2010-02-25, 51.3, 55.4, 47.2, 60, 64.7, 55.3, 42.7, 48.1, 37.3, 50.6
56, 2010-02-26, 51.4, 55.4, 47.4, 60, 64.6, 55.4, 42.7, 48.1, 37.3, 50.6
57, 2010-02-27, 51.4, 55.4, 47.4, 60, 64.6, 55.4, 42.7, 48.1, 37.3, 50.5
58, 2010-02-28, 51.4, 55.4, 47.4, 60, 64.6, 55.4, 42.8, 48.1, 37.5, 50.4
59, 2010-03-01, 51.4, 55.4, 47.4, 60, 64.6, 55.4, 42.8, 48.1, 37.5, 50.2
60, 2010-03-02, 51.4, 55.4, 47.4, 59.9, 64.5, 55.3, 42.8, 48.1, 37.5, 50
61, 2010-03-03, 51.4, 55.3, 47.5, 59.9, 64.5, 55.3, 42.8, 48.1, 37.5, 49.8
62, 2010-03-04, 51.4, 55.3, 47.5, 59.9, 64.4, 55.4, 42.8, 48.1, 37.5, 49.5
63, 2010-03-05, 51.4, 55.3, 47.5, 59.9, 64.4, 55.4, 42.8, 48.1, 37.5, 49.1
64, 2010-03-06, 51.4, 55.3, 47.5, 59.9, 64.4, 55.4, 42.8, 48, 37.6, 48.7
65, 2010-03-07, 51.4, 55.2, 47.6, 59.9, 64.4, 55.4, 42.8, 48, 37.6, 48.2
66, 2010-03-08, 51.3, 55.1, 47.5, 59.8, 64.3, 55.3, 42.8, 48, 37.6, 47.8
67, 2010-03-09, 51.3, 55.1, 47.5, 59.8, 64.3, 55.3, 42.8, 48, 37.6, 47.4
68, 2010-03-10, 51.3, 55.1, 47.5, 59.8, 64.3, 55.3, 42.8, 48, 37.6, 47
69, 2010-03-11, 51.3, 55.1, 47.5, 59.8, 64.3, 55.3, 42.8, 48, 37.6, 46.6
70, 2010-03-12, 51.3, 55.1, 47.5, 59.8, 64.3, 55.3, 42.8, 48, 37.6, 46.1
71, 2010-03-13, 51.3, 55.1, 47.5, 59.8, 64.3, 55.3, 42.8, 48, 37.6, 45.6
72, 2010-03-14, 51.3, 55.1, 47.5, 59.8, 64.3, 55.3, 42.8, 48, 37.6, 45.1
73, 2010-03-15, 51.3, 55, 47.6, 59.8, 64.3, 55.3, 42.8, 48, 37.6, 44.6
74, 2010-03-16, 51.3, 55, 47.6, 59.8, 64.3, 55.3, 42.7, 47.8, 37.6, 44.1
75, 2010-03-17, 51.3, 55, 47.6, 59.8, 64.3, 55.3, 42.7, 47.8, 37.6, 43.6
76, 2010-03-18, 51.3, 55, 47.6, 59.8, 64.3, 55.3, 42.7, 47.8, 37.6, 43.1
77, 2010-03-19, 51.3, 55, 47.6, 59.8, 64.3, 55.3, 42.7, 47.8, 37.6, 42.6
78, 2010-03-20, 51.3, 55, 47.6, 59.9, 64.5, 55.3, 42.7, 47.8, 37.6, 42.1
79, 2010-03-21, 51.3, 55, 47.6, 59.9, 64.5, 55.3, 42.6, 47.7, 37.5, 41.7
80, 2010-03-22, 51.2, 54.9, 47.5, 59.9, 64.5, 55.3, 42.6, 47.7, 37.5, 41.2
81, 2010-03-23, 51.2, 54.9, 47.5, 59.9, 64.5, 55.3, 42.6, 47.6, 37.6, 40.8
82, 2010-03-24, 51.2, 54.9, 47.5, 59.9, 64.5, 55.3, 42.6, 47.6, 37.6, 40.3
83, 2010-03-25, 51.2, 54.8, 47.6, 59.9, 64.6, 55.2, 42.5, 47.5, 37.5, 39.9
84, 2010-03-26, 51.3, 54.9, 47.7, 60, 64.7, 55.3, 42.5, 47.5, 37.5, 39.4
85, 2010-03-27, 51.3, 54.9, 47.7, 60, 64.7, 55.3, 42.5, 47.5, 37.5, 38.9
86, 2010-03-28, 51.3, 54.9, 47.7, 60, 64.7, 55.3, 42.5, 47.5, 37.5, 38.4
87, 2010-03-29, 51.3, 54.9, 47.7, 60.1, 64.8, 55.4, 42.5, 47.4, 37.6, 37.9
88, 2010-03-30, 51.3, 54.9, 47.7, 60.1, 64.8, 55.4, 42.5, 47.4, 37.6, 37.4
89, 2010-03-31, 51.3, 54.9, 47.7, 60.1, 64.8, 55.4, 42.5, 47.4, 37.6, 36.9
90, 2010-04-01, 51.3, 54.9, 47.7, 60.2, 65, 55.4, 42.5, 47.4, 37.6, 36.4
91, 2010-04-02, 51.3, 54.9, 47.7, 60.2, 65, 55.4, 42.5, 47.4, 37.6, 36
92, 2010-04-03, 51.4, 55, 47.8, 60.2, 65, 55.4, 42.5, 47.4, 37.6, 35.6
93, 2010-04-04, 51.4, 55, 47.8, 60.2, 65, 55.4, 42.5, 47.4, 37.6, 35.2
94, 2010-04-05, 51.4, 55, 47.8, 60.3, 65.1, 55.5, 42.5, 47.4, 37.6, 34.9
95, 2010-04-06, 51.4, 55, 47.8, 60.3, 65.1, 55.5, 42.6, 47.5, 37.7, 34.6
96, 2010-04-07, 51.5, 55.1, 47.9, 60.3, 65.2, 55.4, 42.6, 47.5, 37.7, 34.4
97, 2010-04-08, 51.5, 55.1, 47.9, 60.4, 65.3, 55.5, 42.6, 47.5, 37.7, 34
98, 2010-04-09, 51.5, 55.1, 47.9, 60.4, 65.3, 55.5, 42.7, 47.6, 37.8, 33.7
99, 2010-04-10, 51.6, 55.2, 48, 60.4, 65.2, 55.6, 42.7, 47.5, 37.9, 33.4
100, 2010-04-11, 51.6, 55.2, 48, 60.5, 65.4, 55.6, 42.8, 47.6, 38, 33.1
101, 2010-04-12, 51.7, 55.3, 48.1, 60.5, 65.4, 55.6, 42.8, 47.6, 38, 32.8
102, 2010-04-13, 51.7, 55.3, 48.1, 60.5, 65.4, 55.6, 42.9, 47.7, 38.1, 32.5
103, 2010-04-14, 51.8, 55.4, 48.2, 60.5, 65.4, 55.6, 43, 47.8, 38.2, 32.2
104, 2010-04-15, 51.8, 55.4, 48.2, 60.5, 65.4, 55.6, 43.1, 47.9, 38.3, 31.9
105, 2010-04-16, 51.9, 55.5, 48.3, 60.6, 65.4, 55.8, 43.1, 47.9, 38.3, 31.6
106, 2010-04-17, 51.9, 55.5, 48.3, 60.6, 65.4, 55.8, 43.2, 47.9, 38.5, 31.3
107, 2010-04-18, 52, 55.6, 48.4, 60.6, 65.4, 55.8, 43.3, 48, 38.6, 31
108, 2010-04-19, 52, 55.6, 48.4, 60.6, 65.3, 55.9, 43.4, 48.1, 38.7, 30.6
109, 2010-04-20, 52.1, 55.6, 48.6, 60.6, 65.3, 55.9, 43.5, 48.2, 38.8, 30.3
110, 2010-04-21, 52.1, 55.6, 48.6, 60.6, 65.3, 55.9, 43.6, 48.3, 38.9, 30
111, 2010-04-22, 52.2, 55.7, 48.7, 60.6, 65.3, 55.9, 43.8, 48.5, 39.1, 29.6
112, 2010-04-23, 52.3, 55.8, 48.8, 60.6, 65.2, 56, 43.9, 48.6, 39.2, 29.2
113, 2010-04-24, 52.3, 55.8, 48.8, 60.7, 65.3, 56.1, 44, 48.7, 39.3, 28.8
114, 2010-04-25, 52.4, 55.9, 48.9, 60.7, 65.2, 56.2, 44.1, 48.7, 39.5, 28.4
115, 2010-04-26, 52.5, 56, 49, 60.7, 65.2, 56.2, 44.3, 48.9, 39.7, 28
116, 2010-04-27, 52.5, 56, 49, 60.7, 65.2, 56.2, 44.4, 49, 39.8, 27.7
117, 2010-04-28, 52.6, 56.1, 49.1, 60.7, 65.1, 56.3, 44.5, 49.1, 39.9, 27.5
118, 2010-04-29, 52.7, 56.1, 49.3, 60.7, 65.1, 56.3, 44.7, 49.3, 40.1, 27.2
119, 2010-04-30, 52.7, 56.1, 49.3, 60.7, 65, 56.4, 44.8, 49.4, 40.2, 27
120, 2010-05-01, 52.8, 56.2, 49.4, 60.7, 65, 56.4, 44.9, 49.5, 40.3, 26.8
121, 2010-05-02, 52.9, 56.3, 49.5, 60.7, 65, 56.4, 45.1, 49.7, 40.5, 26.6
122, 2010-05-03, 53, 56.4, 49.6, 60.7, 64.9, 56.5, 45.2, 49.8, 40.6, 26.3
123, 2010-05-04, 53, 56.4, 49.6, 60.7, 64.9, 56.5, 45.4, 50, 40.8, 26
124, 2010-05-05, 53.1, 56.5, 49.7, 60.7, 64.9, 56.5, 45.5, 50, 41, 25.7
125, 2010-05-06, 53.2, 56.5, 49.9, 60.7, 64.8, 56.6, 45.6, 50.1, 41.1, 25.5
126, 2010-05-07, 53.2, 56.5, 49.9, 60.7, 64.8, 56.6, 45.8, 50.3, 41.3, 25.3
127, 2010-05-08, 53.3, 56.6, 50, 60.7, 64.8, 56.6, 45.9, 50.4, 41.4, 25.1
128, 2010-05-09, 53.4, 56.7, 50.1, 60.7, 64.8, 56.6, 46, 50.5, 41.5, 24.9
129, 2010-05-10, 53.5, 56.8, 50.2, 60.8, 64.8, 56.8, 46.2, 50.7, 41.7, 24.7
130, 2010-05-11, 53.6, 56.9, 50.3, 60.8, 64.8, 56.8, 46.3, 50.8, 41.8, 24.6
131, 2010-05-12, 53.6, 56.9, 50.3, 60.8, 64.7, 56.9, 46.4, 50.9, 41.9, 24.4
132, 2010-05-13, 53.7, 57, 50.4, 60.8, 64.7, 56.9, 46.6, 51.1, 42.1, 24.2
133, 2010-05-14, 53.8, 57, 50.6, 60.9, 64.8, 57, 46.7, 51.2, 42.2, 24
134, 2010-05-15, 53.9, 57.1, 50.7, 60.9, 64.7, 57.1, 46.8, 51.3, 42.3, 23.9
135, 2010-05-16, 53.9, 57.1, 50.7, 61, 64.8, 57.2, 46.9, 51.4, 42.4, 23.7
136, 2010-05-17, 54, 57.2, 50.8, 61, 64.8, 57.2, 47, 51.5, 42.5, 23.5
137, 2010-05-18, 54.1, 57.3, 50.9, 61, 64.8, 57.2, 47.1, 51.5, 42.7, 23.3
138, 2010-05-19, 54.2, 57.4, 51, 61.1, 64.9, 57.3, 47.3, 51.7, 42.9, 23.2
139, 2010-05-20, 54.3, 57.5, 51.1, 61.2, 64.9, 57.5, 47.4, 51.8, 43, 23
140, 2010-05-21, 54.3, 57.5, 51.1, 61.2, 64.9, 57.5, 47.5, 51.9, 43.1, 22.9
141, 2010-05-22, 54.4, 57.6, 51.2, 61.3, 65, 57.6, 47.5, 51.9, 43.1, 22.8
142, 2010-05-23, 54.5, 57.7, 51.3, 61.3, 65, 57.6, 47.6, 52, 43.2, 22.7
143, 2010-05-24, 54.6, 57.7, 51.5, 61.4, 65.1, 57.7, 47.7, 52.1, 43.3, 22.7
144, 2010-05-25, 54.7, 57.8, 51.6, 61.5, 65.2, 57.8, 47.8, 52.2, 43.4, 22.5
145, 2010-05-26, 54.7, 57.8, 51.6, 61.6, 65.3, 57.9, 47.9, 52.2, 43.6, 22.4
146, 2010-05-27, 54.8, 57.9, 51.7, 61.7, 65.3, 58.1, 48, 52.3, 43.7, 22.1
147, 2010-05-28, 54.9, 58, 51.8, 61.7, 65.3, 58.1, 48, 52.3, 43.7, 21.9
148, 2010-05-29, 55, 58.1, 51.9, 61.8, 65.4, 58.2, 48.1, 52.4, 43.8, 21.7
149, 2010-05-30, 55.1, 58.2, 52, 61.9, 65.5, 58.3, 48.2, 52.5, 43.9, 21.4
150, 2010-05-31, 55.1, 58.1, 52.1, 62, 65.6, 58.4, 48.3, 52.6, 44, 21.1
151, 2010-06-01, 55.2, 58.2, 52.2, 62.1, 65.7, 58.5, 48.3, 52.6, 44, 20.9
152, 2010-06-02, 55.3, 58.3, 52.3, 62.2, 65.8, 58.6, 48.4, 52.6, 44.2, 20.6
153, 2010-06-03, 55.4, 58.4, 52.4, 62.3, 65.9, 58.7, 48.4, 52.6, 44.2, 20.3
154, 2010-06-04, 55.5, 58.5, 52.5, 62.4, 66, 58.8, 48.5, 52.7, 44.3, 20
155, 2010-06-05, 55.5, 58.5, 52.5, 62.5, 66.1, 58.9, 48.6, 52.8, 44.4, 19.7
156, 2010-06-06, 55.6, 58.6, 52.6, 62.6, 66.2, 59, 48.6, 52.7, 44.5, 19.3
157, 2010-06-07, 55.7, 58.6, 52.8, 62.7, 66.3, 59.1, 48.7, 52.8, 44.6, 18.9
158, 2010-06-08, 55.8, 58.7, 52.9, 62.8, 66.4, 59.2, 48.7, 52.8, 44.6, 18.6
159, 2010-06-09, 55.9, 58.8, 53, 62.9, 66.5, 59.3, 48.8, 52.9, 44.7, 18.2
160, 2010-06-10, 55.9, 58.8, 53, 63.1, 66.7, 59.5, 48.8, 52.9, 44.7, 17.9
161, 2010-06-11, 56, 58.9, 53.1, 63.2, 66.8, 59.6, 48.9, 53, 44.8, 17.6
162, 2010-06-12, 56.1, 59, 53.2, 63.3, 66.9, 59.7, 49, 53.1, 44.9, 17.3
163, 2010-06-13, 56.2, 59.1, 53.3, 63.4, 67, 59.8, 49, 53.1, 44.9, 17.1
164, 2010-06-14, 56.3, 59.2, 53.4, 63.5, 67.1, 59.9, 49.1, 53.1, 45.1, 16.8
165, 2010-06-15, 56.3, 59.2, 53.4, 63.5, 67.1, 59.9, 49.1, 53.1, 45.1, 16.6
166, 2010-06-16, 56.4, 59.3, 53.5, 63.6, 67.2, 60, 49.2, 53.2, 45.2, 16.4
167, 2010-06-17, 56.5, 59.4, 53.6, 63.7, 67.3, 60.1, 49.2, 53.2, 45.2, 16.2
168, 2010-06-18, 56.6, 59.5, 53.7, 63.8, 67.4, 60.2, 49.3, 53.3, 45.3, 16
169, 2010-06-19, 56.6, 59.5, 53.7, 63.9, 67.5, 60.3, 49.4, 53.4, 45.4, 15.8
170, 2010-06-20, 56.7, 59.6, 53.8, 64, 67.5, 60.5, 49.4, 53.4, 45.4, 15.7
171, 2010-06-21, 56.8, 59.7, 53.9, 64.1, 67.6, 60.6, 49.5, 53.5, 45.5, 15.6
172, 2010-06-22, 56.9, 59.8, 54, 64.1, 67.6, 60.6, 49.6, 53.6, 45.6, 15.5
173, 2010-06-23, 56.9, 59.7, 54.1, 64.2, 67.7, 60.7, 49.7, 53.6, 45.8, 15.5
174, 2010-06-24, 57, 59.8, 54.2, 64.3, 67.8, 60.8, 49.7, 53.6, 45.8, 15.6
175, 2010-06-25, 57.1, 59.9, 54.3, 64.3, 67.8, 60.8, 49.8, 53.7, 45.9, 15.6
176, 2010-06-26, 57.1, 59.9, 54.3, 64.4, 67.9, 60.9, 49.9, 53.8, 46, 15.7
177, 2010-06-27, 57.2, 60, 54.4, 64.4, 67.8, 61, 50, 53.9, 46.1, 15.9
178, 2010-06-28, 57.3, 60.1, 54.5, 64.5, 67.9, 61.1, 50, 53.8, 46.2, 16
179, 2010-06-29, 57.3, 60.1, 54.5, 64.5, 67.9, 61.1, 50.1, 53.9, 46.3, 16.1
180, 2010-06-30, 57.4, 60.2, 54.6, 64.6, 68, 61.2, 50.2, 54, 46.4, 16.2
181, 2010-07-01, 57.5, 60.3, 54.7, 64.6, 68, 61.2, 50.3, 54.1, 46.5, 16.4
182, 2010-07-02, 57.5, 60.3, 54.7, 64.6, 68, 61.2, 50.4, 54.1, 46.7, 16.6
183, 2010-07-03, 57.6, 60.4, 54.8, 64.7, 68.1, 61.3, 50.5, 54.2, 46.8, 16.9
184, 2010-07-04, 57.6, 60.4, 54.8, 64.7, 68.1, 61.3, 50.6, 54.3, 46.9, 17.2
185, 2010-07-05, 57.7, 60.5, 54.9, 64.7, 68, 61.4, 50.7, 54.4, 47, 17.5
186, 2010-07-06, 57.8, 60.5, 55.1, 64.8, 68.1, 61.5, 50.8, 54.4, 47.2, 17.8
187, 2010-07-07, 57.8, 60.5, 55.1, 64.8, 68.1, 61.5, 50.9, 54.5, 47.3, 18.1
188, 2010-07-08, 57.9, 60.6, 55.2, 64.8, 68.1, 61.5, 50.9, 54.4, 47.4, 18.4
189, 2010-07-09, 57.9, 60.6, 55.2, 64.8, 68.1, 61.5, 51, 54.5, 47.5, 18.7
190, 2010-07-10, 58, 60.7, 55.3, 64.9, 68.2, 61.6, 51.1, 54.6, 47.6, 19.1
191, 2010-07-11, 58.1, 60.7, 55.5, 64.9, 68.1, 61.7, 51.2, 54.6, 47.8, 19.4
192, 2010-07-12, 58.1, 60.7, 55.5, 64.9, 68.1, 61.7, 51.3, 54.7, 47.9, 19.8
193, 2010-07-13, 58.2, 60.8, 55.6, 64.9, 68.1, 61.7, 51.4, 54.8, 48, 20.1
194, 2010-07-14, 58.2, 60.8, 55.6, 64.9, 68.1, 61.7, 51.5, 54.8, 48.2, 20.4
195, 2010-07-15, 58.3, 60.8, 55.8, 65, 68.2, 61.8, 51.6, 54.9, 48.3, 20.8
196, 2010-07-16, 58.3, 60.8, 55.8, 65, 68.2, 61.8, 51.7, 54.9, 48.5, 21.1
197, 2010-07-17, 58.4, 60.9, 55.9, 65, 68.1, 61.9, 51.8, 55, 48.6, 21.5
198, 2010-07-18, 58.4, 60.9, 55.9, 65, 68.1, 61.9, 51.8, 54.9, 48.7, 21.8
199, 2010-07-19, 58.5, 60.9, 56.1, 65, 68.1, 61.9, 51.9, 55, 48.8, 22
200, 2010-07-20, 58.5, 60.9, 56.1, 65.1, 68.2, 62, 52, 55, 49, 22.3
201, 2010-07-21, 58.6, 61, 56.2, 65.1, 68.2, 62, 52.1, 55.1, 49.1, 22.6
202, 2010-07-22, 58.6, 61, 56.2, 65.1, 68.2, 62, 52.2, 55.2, 49.2, 22.8
203, 2010-07-23, 58.7, 61.1, 56.3, 65.1, 68.2, 62, 52.2, 55.1, 49.3, 23
204, 2010-07-24, 58.7, 61, 56.4, 65.2, 68.3, 62.1, 52.3, 55.2, 49.4, 23.1
205, 2010-07-25, 58.8, 61.1, 56.5, 65.2, 68.3, 62.1, 52.3, 55.2, 49.4, 23.2
206, 2010-07-26, 58.8, 61.1, 56.5, 65.2, 68.3, 62.1, 52.4, 55.3, 49.5, 23.4
207, 2010-07-27, 58.9, 61.2, 56.6, 65.3, 68.3, 62.3, 52.5, 55.4, 49.6, 23.5
208, 2010-07-28, 58.9, 61.2, 56.6, 65.3, 68.3, 62.3, 52.5, 55.4, 49.6, 23.6
209, 2010-07-29, 58.9, 61.1, 56.7, 65.3, 68.3, 62.3, 52.5, 55.4, 49.6, 23.7
210, 2010-07-30, 59, 61.2, 56.8, 65.4, 68.4, 62.4, 52.6, 55.5, 49.7, 23.7
211, 2010-07-31, 59, 61.2, 56.8, 65.4, 68.4, 62.4, 52.6, 55.5, 49.7, 23.7
212, 2010-08-01, 59.1, 61.3, 56.9, 65.5, 68.4, 62.6, 52.6, 55.5, 49.7, 23.7
213, 2010-08-02, 59.1, 61.3, 56.9, 65.5, 68.4, 62.6, 52.7, 55.6, 49.8, 23.6
214, 2010-08-03, 59.1, 61.3, 56.9, 65.6, 68.5, 62.7, 52.7, 55.6, 49.8, 23.6
215, 2010-08-04, 59.2, 61.4, 57, 65.6, 68.5, 62.7, 52.7, 55.6, 49.8, 23.5
216, 2010-08-05, 59.2, 61.4, 57, 65.7, 68.6, 62.8, 52.7, 55.6, 49.8, 23.4
217, 2010-08-06, 59.2, 61.4, 57, 65.7, 68.6, 62.8, 52.7, 55.6, 49.8, 23.2
218, 2010-08-07, 59.2, 61.4, 57, 65.7, 68.6, 62.8, 52.7, 55.6, 49.8, 23.1
219, 2010-08-08, 59.2, 61.4, 57, 65.8, 68.7, 62.9, 52.7, 55.6, 49.8, 22.9
220, 2010-08-09, 59.3, 61.5, 57.1, 65.8, 68.7, 62.9, 52.7, 55.7, 49.7, 22.6
221, 2010-08-10, 59.3, 61.5, 57.1, 65.9, 68.8, 63, 52.7, 55.7, 49.7, 22.4
222, 2010-08-11, 59.3, 61.5, 57.1, 65.9, 68.8, 63, 52.7, 55.7, 49.7, 22.1
223, 2010-08-12, 59.3, 61.5, 57.1, 66, 69, 63, 52.6, 55.7, 49.5, 21.8
224, 2010-08-13, 59.3, 61.6, 57, 66, 69, 63, 52.6, 55.7, 49.5, 21.5
225, 2010-08-14, 59.3, 61.6, 57, 66.1, 69.1, 63.1, 52.6, 55.8, 49.4, 21.2
226, 2010-08-15, 59.3, 61.6, 57, 66.1, 69.1, 63.1, 52.5, 55.7, 49.3, 20.9
227, 2010-08-16, 59.3, 61.7, 56.9, 66.2, 69.3, 63.1, 52.5, 55.8, 49.2, 20.7
228, 2010-08-17, 59.3, 61.7, 56.9, 66.2, 69.3, 63.1, 52.4, 55.7, 49.1, 20.4
229, 2010-08-18, 59.3, 61.7, 56.9, 66.2, 69.3, 63.1, 52.4, 55.8, 49, 20.2
230, 2010-08-19, 59.3, 61.7, 56.9, 66.3, 69.5, 63.1, 52.3, 55.8, 48.8, 19.9
231, 2010-08-20, 59.3, 61.8, 56.8, 66.3, 69.5, 63.1, 52.2, 55.7, 48.7, 19.6
232, 2010-08-21, 59.3, 61.8, 56.8, 66.3, 69.5, 63.1, 52.2, 55.8, 48.6, 19.4
233, 2010-08-22, 59.2, 61.7, 56.7, 66.4, 69.6, 63.2, 52.1, 55.7, 48.5, 19.2
234, 2010-08-23, 59.2, 61.8, 56.6, 66.4, 69.7, 63.1, 52, 55.7, 48.3, 19
235, 2010-08-24, 59.2, 61.8, 56.6, 66.4, 69.7, 63.1, 52, 55.7, 48.3, 18.9
236, 2010-08-25, 59.2, 61.8, 56.6, 66.4, 69.7, 63.1, 51.9, 55.7, 48.1, 18.8
237, 2010-08-26, 59.1, 61.7, 56.5, 66.5, 69.9, 63.1, 51.8, 55.6, 48, 18.7
238, 2010-08-27, 59.1, 61.7, 56.5, 66.5, 69.9, 63.1, 51.7, 55.5, 47.9, 18.6
239, 2010-08-28, 59.1, 61.8, 56.4, 66.5, 69.9, 63.1, 51.6, 55.5, 47.7, 18.6
240, 2010-08-29, 59, 61.7, 56.3, 66.5, 70, 63, 51.5, 55.4, 47.6, 18.7
241, 2010-08-30, 59, 61.7, 56.3, 66.5, 70, 63, 51.4, 55.4, 47.4, 18.7
242, 2010-08-31, 58.9, 61.6, 56.2, 66.5, 70.1, 62.9, 51.3, 55.3, 47.3, 18.8
243, 2010-09-01, 58.9, 61.7, 56.1, 66.5, 70.1, 62.9, 51.2, 55.2, 47.2, 18.8
244, 2010-09-02, 58.8, 61.6, 56, 66.5, 70.2, 62.8, 51.2, 55.3, 47.1, 18.9
245, 2010-09-03, 58.8, 61.6, 56, 66.5, 70.2, 62.8, 51.1, 55.2, 47, 19.1
246, 2010-09-04, 58.7, 61.6, 55.8, 66.5, 70.2, 62.8, 51, 55.2, 46.8, 19.2
247, 2010-09-05, 58.7, 61.6, 55.8, 66.5, 70.3, 62.7, 50.9, 55.1, 46.7, 19.4
248, 2010-09-06, 58.6, 61.5, 55.7, 66.5, 70.3, 62.7, 50.8, 55.1, 46.5, 19.7
249, 2010-09-07, 58.6, 61.5, 55.7, 66.5, 70.4, 62.6, 50.6, 54.9, 46.3, 19.9
250, 2010-09-08, 58.5, 61.5, 55.5, 66.5, 70.4, 62.6, 50.5, 54.9, 46.1, 20.2
251, 2010-09-09, 58.5, 61.5, 55.5, 66.5, 70.4, 62.6, 50.4, 54.8, 46, 20.5
252, 2010-09-10, 58.4, 61.4, 55.4, 66.5, 70.5, 62.5, 50.3, 54.7, 45.9, 20.7
253, 2010-09-11, 58.4, 61.4, 55.4, 66.5, 70.5, 62.5, 50.2, 54.7, 45.7, 21
254, 2010-09-12, 58.3, 61.4, 55.2, 66.5, 70.6, 62.4, 50.1, 54.6, 45.6, 21.4
255, 2010-09-13, 58.2, 61.3, 55.1, 66.5, 70.6, 62.4, 50, 54.5, 45.5, 21.7
256, 2010-09-14, 58.2, 61.3, 55.1, 66.4, 70.5, 62.3, 49.9, 54.5, 45.3, 22
257, 2010-09-15, 58.1, 61.2, 55, 66.4, 70.6, 62.2, 49.8, 54.4, 45.2, 22.3
258, 2010-09-16, 58.1, 61.3, 54.9, 66.4, 70.6, 62.2, 49.7, 54.3, 45.1, 22.6
259, 2010-09-17, 58, 61.2, 54.8, 66.4, 70.7, 62.1, 49.6, 54.2, 45, 22.9
260, 2010-09-18, 58, 61.2, 54.8, 66.4, 70.7, 62.1, 49.5, 54.2, 44.8, 23.3
261, 2010-09-19, 57.9, 61.2, 54.6, 66.4, 70.8, 62, 49.4, 54.1, 44.7, 23.6
262, 2010-09-20, 57.8, 61.1, 54.5, 66.3, 70.7, 61.9, 49.3, 54, 44.6, 23.8
263, 2010-09-21, 57.8, 61.1, 54.5, 66.3, 70.8, 61.8, 49.2, 53.9, 44.5, 24.1
264, 2010-09-22, 57.7, 61, 54.4, 66.3, 70.8, 61.8, 49.1, 53.9, 44.3, 24.3
265, 2010-09-23, 57.7, 61.1, 54.3, 66.3, 70.9, 61.7, 49, 53.8, 44.2, 24.5
266, 2010-09-24, 57.6, 61, 54.2, 66.3, 71, 61.6, 49, 53.8, 44.2, 24.7
267, 2010-09-25, 57.6, 61.1, 54.1, 66.3, 71.1, 61.5, 48.9, 53.7, 44.1, 24.8
268, 2010-09-26, 57.5, 61, 54, 66.3, 71.1, 61.5, 48.8, 53.7, 43.9, 25
269, 2010-09-27, 57.5, 61, 54, 66.2, 71.1, 61.3, 48.7, 53.6, 43.8, 25.1
270, 2010-09-28, 57.4, 61, 53.8, 66.2, 71.2, 61.2, 48.6, 53.5, 43.7, 25.3
271, 2010-09-29, 57.3, 60.9, 53.7, 66.2, 71.2, 61.2, 48.5, 53.4, 43.6, 25.5
272, 2010-09-30, 57.3, 61, 53.6, 66.2, 71.3, 61.1, 48.4, 53.3, 43.5, 25.7
273, 2010-10-01, 57.2, 60.9, 53.5, 66.2, 71.4, 61, 48.3, 53.2, 43.4, 25.9
274, 2010-10-02, 57.2, 60.9, 53.5, 66.2, 71.4, 61, 48.2, 53.2, 43.2, 26.1
275, 2010-10-03, 57.1, 60.8, 53.4, 66.1, 71.4, 60.8, 48.1, 53.1, 43.1, 26.3
276, 2010-10-04, 57.1, 60.8, 53.4, 66.1, 71.5, 60.7, 48, 52.9, 43.1, 26.5
277, 2010-10-05, 57, 60.8, 53.2, 66.1, 71.6, 60.6, 48, 52.9, 43.1, 26.6
278, 2010-10-06, 57, 60.8, 53.2, 66.1, 71.7, 60.5, 47.9, 52.8, 43, 26.8
279, 2010-10-07, 56.9, 60.7, 53.1, 66.1, 71.7, 60.5, 47.8, 52.7, 42.9, 27
280, 2010-10-08, 56.9, 60.8, 53, 66, 71.7, 60.3, 47.7, 52.6, 42.8, 27.2
281, 2010-10-09, 56.8, 60.7, 52.9, 66, 71.8, 60.2, 47.6, 52.5, 42.7, 27.3
282, 2010-10-10, 56.7, 60.6, 52.8, 66, 71.8, 60.2, 47.5, 52.4, 42.6, 27.6
283, 2010-10-11, 56.7, 60.6, 52.8, 65.9, 71.8, 60, 47.4, 52.3, 42.5, 27.8
284, 2010-10-12, 56.6, 60.6, 52.6, 65.9, 71.9, 59.9, 47.3, 52.2, 42.4, 28
285, 2010-10-13, 56.5, 60.5, 52.5, 65.9, 71.9, 59.9, 47.2, 52.1, 42.3, 28.2
286, 2010-10-14, 56.5, 60.5, 52.5, 65.8, 71.9, 59.7, 47.1, 52, 42.2, 28.4
287, 2010-10-15, 56.4, 60.4, 52.4, 65.8, 72, 59.6, 47, 51.9, 42.1, 28.7
288, 2010-10-16, 56.3, 60.4, 52.2, 65.7, 71.9, 59.5, 46.9, 51.8, 42, 28.9
289, 2010-10-17, 56.3, 60.4, 52.2, 65.7, 72, 59.4, 46.8, 51.7, 41.9, 29.2
290, 2010-10-18, 56.2, 60.3, 52.1, 65.6, 71.9, 59.3, 46.7, 51.6, 41.8, 29.5
291, 2010-10-19, 56.1, 60.3, 51.9, 65.6, 72, 59.2, 46.6, 51.5, 41.7, 29.9
292, 2010-10-20, 56, 60.2, 51.8, 65.5, 71.9, 59.1, 46.5, 51.4, 41.6, 30.3
293, 2010-10-21, 55.9, 60.1, 51.7, 65.4, 71.8, 59, 46.4, 51.3, 41.5, 30.7
294, 2010-10-22, 55.9, 60.1, 51.7, 65.4, 71.8, 59, 46.3, 51.2, 41.4, 31.2
295, 2010-10-23, 55.8, 60, 51.6, 65.3, 71.7, 58.9, 46.2, 51.1, 41.3, 31.6
296, 2010-10-24, 55.7, 59.9, 51.5, 65.2, 71.6, 58.8, 46.1, 51, 41.2, 32.1
297, 2010-10-25, 55.6, 59.8, 51.4, 65.1, 71.5, 58.7, 46, 50.9, 41.1, 32.6
298, 2010-10-26, 55.5, 59.7, 51.3, 65.1, 71.4, 58.8, 45.9, 50.8, 41, 33
299, 2010-10-27, 55.4, 59.6, 51.2, 65, 71.3, 58.7, 45.8, 50.8, 40.8, 33.3
300, 2010-10-28, 55.3, 59.6, 51, 64.9, 71.2, 58.6, 45.7, 50.7, 40.7, 33.7
301, 2010-10-29, 55.2, 59.5, 50.9, 64.8, 71.1, 58.5, 45.6, 50.6, 40.6, 34.1
302, 2010-10-30, 55.1, 59.4, 50.8, 64.7, 70.9, 58.5, 45.5, 50.5, 40.5, 34.4
303, 2010-10-31, 54.9, 59.2, 50.6, 64.5, 70.7, 58.3, 45.4, 50.4, 40.4, 34.8
304, 2010-11-01, 54.8, 59.1, 50.5, 64.4, 70.6, 58.2, 45.2, 50.3, 40.1, 35.2
305, 2010-11-02, 54.7, 59, 50.4, 64.3, 70.4, 58.2, 45.1, 50.2, 40, 35.6
306, 2010-11-03, 54.6, 58.9, 50.3, 64.2, 70.3, 58.1, 45, 50.2, 39.8, 36
307, 2010-11-04, 54.5, 58.8, 50.2, 64.1, 70.1, 58.1, 44.9, 50.1, 39.7, 36.4
308, 2010-11-05, 54.4, 58.7, 50.1, 63.9, 69.9, 57.9, 44.8, 50, 39.6, 36.8
309, 2010-11-06, 54.2, 58.5, 49.9, 63.8, 69.7, 57.9, 44.7, 50, 39.4, 37.2
310, 2010-11-07, 54.1, 58.4, 49.8, 63.7, 69.5, 57.9, 44.6, 49.9, 39.3, 37.6
311, 2010-11-08, 54, 58.3, 49.7, 63.5, 69.3, 57.7, 44.4, 49.7, 39.1, 38
312, 2010-11-09, 53.9, 58.2, 49.6, 63.4, 69.1, 57.7, 44.3, 49.6, 39, 38.4
313, 2010-11-10, 53.7, 58, 49.4, 63.2, 68.9, 57.5, 44.2, 49.6, 38.8, 38.7
314, 2010-11-11, 53.6, 57.9, 49.3, 63.1, 68.7, 57.5, 44.1, 49.5, 38.7, 39
315, 2010-11-12, 53.5, 57.7, 49.3, 62.9, 68.4, 57.4, 44, 49.4, 38.6, 39.4
316, 2010-11-13, 53.3, 57.5, 49.1, 62.8, 68.2, 57.4, 43.9, 49.3, 38.5, 39.7
317, 2010-11-14, 53.2, 57.4, 49, 62.6, 67.9, 57.3, 43.8, 49.3, 38.3, 40
318, 2010-11-15, 53.1, 57.3, 48.9, 62.5, 67.8, 57.2, 43.7, 49.2, 38.2, 40.3
319, 2010-11-16, 53, 57.1, 48.9, 62.3, 67.5, 57.1, 43.6, 49.1, 38.1, 40.6
320, 2010-11-17, 52.8, 56.9, 48.7, 62.2, 67.3, 57.1, 43.5, 49, 38, 40.8
321, 2010-11-18, 52.7, 56.8, 48.6, 62, 67.1, 56.9, 43.4, 48.9, 37.9, 41
322, 2010-11-19, 52.6, 56.7, 48.5, 61.9, 66.9, 56.9, 43.3, 48.8, 37.8, 41.1
323, 2010-11-20, 52.5, 56.6, 48.4, 61.7, 66.7, 56.7, 43.2, 48.8, 37.6, 41.2
324, 2010-11-21, 52.3, 56.4, 48.2, 61.6, 66.5, 56.7, 43.1, 48.7, 37.5, 41.3
325, 2010-11-22, 52.2, 56.3, 48.1, 61.4, 66.3, 56.5, 43, 48.6, 37.4, 41.4
326, 2010-11-23, 52.1, 56.2, 48, 61.3, 66.1, 56.5, 42.9, 48.5, 37.3, 41.5
327, 2010-11-24, 52, 56.1, 47.9, 61.1, 65.9, 56.3, 42.8, 48.5, 37.1, 41.6
328, 2010-11-25, 51.9, 56, 47.8, 61, 65.7, 56.3, 42.8, 48.5, 37.1, 41.7
329, 2010-11-26, 51.8, 55.9, 47.7, 60.9, 65.6, 56.2, 42.7, 48.4, 37, 41.8
330, 2010-11-27, 51.7, 55.8, 47.6, 60.7, 65.3, 56.1, 42.6, 48.3, 36.9, 41.8
331, 2010-11-28, 51.6, 55.7, 47.5, 60.6, 65.2, 56, 42.6, 48.3, 36.9, 41.8
332, 2010-11-29, 51.5, 55.6, 47.4, 60.5, 65.1, 55.9, 42.5, 48.2, 36.8, 41.8
333, 2010-11-30, 51.4, 55.5, 47.3, 60.3, 64.8, 55.8, 42.4, 48.2, 36.6, 41.8
334, 2010-12-01, 51.3, 55.4, 47.2, 60.2, 64.7, 55.7, 42.4, 48.2, 36.6, 41.8
335, 2010-12-02, 51.2, 55.3, 47.1, 60.1, 64.6, 55.6, 42.3, 48.1, 36.5, 41.9
336, 2010-12-03, 51.1, 55.2, 47, 60, 64.5, 55.5, 42.3, 48.1, 36.5, 41.9
337, 2010-12-04, 51, 55.1, 46.9, 59.8, 64.2, 55.4, 42.2, 48, 36.4, 41.9
338, 2010-12-05, 51, 55.1, 46.9, 59.7, 64.1, 55.3, 42.2, 48, 36.4, 41.9
339, 2010-12-06, 50.9, 55.1, 46.7, 59.6, 64, 55.2, 42.1, 48, 36.2, 41.9
340, 2010-12-07, 50.8, 55, 46.6, 59.5, 63.9, 55.1, 42.1, 48, 36.2, 41.8
341, 2010-12-08, 50.7, 54.9, 46.5, 59.4, 63.8, 55, 42.1, 48, 36.2, 41.8
342, 2010-12-09, 50.7, 54.9, 46.5, 59.3, 63.7, 54.9, 42, 47.9, 36.1, 41.8
343, 2010-12-10, 50.6, 54.9, 46.3, 59.2, 63.6, 54.8, 42, 47.9, 36.1, 41.8
344, 2010-12-11, 50.6, 54.9, 46.3, 59.2, 63.6, 54.8, 42, 48, 36, 41.8
345, 2010-12-12, 50.5, 54.8, 46.2, 59.1, 63.5, 54.7, 41.9, 47.9, 35.9, 41.8
346, 2010-12-13, 50.5, 54.9, 46.1, 59, 63.4, 54.6, 41.9, 47.9, 35.9, 41.8
347, 2010-12-14, 50.4, 54.8, 46, 58.9, 63.3, 54.5, 41.9, 47.9, 35.9, 41.7
348, 2010-12-15, 50.4, 54.8, 46, 58.9, 63.3, 54.5, 41.9, 47.9, 35.9, 41.6
349, 2010-12-16, 50.3, 54.7, 45.9, 58.8, 63.2, 54.4, 41.8, 47.8, 35.8, 41.5
350, 2010-12-17, 50.3, 54.8, 45.8, 58.8, 63.2, 54.4, 41.8, 47.8, 35.8, 41.5
351, 2010-12-18, 50.3, 54.8, 45.8, 58.7, 63.1, 54.3, 41.8, 47.8, 35.8, 41.4
352, 2010-12-19, 50.2, 54.7, 45.7, 58.7, 63.1, 54.3, 41.8, 47.8, 35.8, 41.4
353, 2010-12-20, 50.2, 54.7, 45.7, 58.6, 63, 54.2, 41.8, 47.8, 35.8, 41.5
354, 2010-12-21, 50.2, 54.7, 45.7, 58.6, 63, 54.2, 41.8, 47.8, 35.8, 41.5
355, 2010-12-22, 50.2, 54.7, 45.7, 58.6, 63, 54.2, 41.8, 47.8, 35.8, 41.5
356, 2010-12-23, 50.1, 54.6, 45.6, 58.5, 62.9, 54.1, 41.7, 47.7, 35.7, 41.5
357, 2010-12-24, 50.1, 54.6, 45.6, 58.5, 63, 54, 41.7, 47.7, 35.7, 41.6
358, 2010-12-25, 50.1, 54.6, 45.6, 58.5, 63, 54, 41.7, 47.7, 35.7, 41.8
359, 2010-12-26, 50.1, 54.6, 45.6, 58.5, 63, 54, 41.7, 47.7, 35.7, 42
360, 2010-12-27, 50.1, 54.6, 45.6, 58.5, 63, 54, 41.7, 47.7, 35.7, 42.2
361, 2010-12-28, 50.1, 54.6, 45.6, 58.4, 62.9, 53.9, 41.7, 47.7, 35.7, 42.4
362, 2010-12-29, 50.1, 54.6, 45.6, 58.4, 62.9, 53.9, 41.7, 47.7, 35.7, 42.6
363, 2010-12-30, 50, 54.5, 45.5, 58.4, 62.9, 53.9, 41.6, 47.5, 35.7, 42.9
364, 2010-12-31, 50, 54.5, 45.5, 58.4, 62.9, 53.9, 41.6, 47.5, 35.7, 43
